CREATE TABLE Customers
(
CustID INT PRIMARY KEY,
CustName VARCHAR(30),
Address VARCHAR(50),
State VARCHAR(20)
);
CREATE TABLE Items
(
ItemID INT PRIMARY KEY,
ItemName VARCHAR(30),
Category VARCHAR(30),
Price INT,
Instock INT
);
CREATE TABLE Orders
(
OrderID INT PRIMARY KEY,
CustID INT,
ItemID INT,
Quantity INT,
OrderDate DATE,
FOREIGN KEY (CustID) REFERENCES Customers(CustID),
FOREIGN KEY (ItemID) REFERENCES Items(ItemID)
);
CREATE TABLE Delivery
(
DeliveryID INT PRIMARY KEY,
CustID INT,
OrderID INT,
FOREIGN KEY (CustID) REFERENCES Customers(CustID),
FOREIGN KEY (OrderID) REFERENCES Orders(OrderID)
);
INSERT INTO Customers VALUES (1,'Arun','Kochi','Kerala');
INSERT INTO Customers VALUES (2,'Meera','TVM','Kerala');
INSERT INTO Customers VALUES (3,'Rahul','Chennai','TamilNadu');
INSERT INTO Customers VALUES (4,'Anu','Bangalore','Karnataka');
INSERT INTO Customers VALUES (5,'Ravi','Kochi','Kerala');
SELECT * FROM CUSTOMERS;
INSERT INTO Items VALUES (1,'Pen','Stationery',10,100);
INSERT INTO Items VALUES (2,'Book','Stationery',50,60);
INSERT INTO Items VALUES (3,'Mouse','Electronics',500,20);
INSERT INTO Items VALUES (4,'Keyboard','Electronics',700,15);
INSERT INTO Items VALUES (5,'Bag','Accessories',800,10);
SELECT * FROM ITEMS;
INSERT INTO Orders VALUES (1,1,1,5,DATE '2024-01-10');
INSERT INTO Orders VALUES (2,1,2,3,DATE'2024-01-11');
INSERT INTO Orders VALUES (3,1,3,1,DATE'2024-01-12');
INSERT INTO Orders VALUES (4,1,4,2,DATE'2024-01-13');
INSERT INTO Orders VALUES (5,1,5,1,DATE'2024-01-14');
INSERT INTO Orders VALUES (6,1,2,4,DATE'2024-01-15');
INSERT INTO Orders VALUES (7,2,3,2,DATE'2024-01-16');
INSERT INTO Orders VALUES (8,3,1,6,DATE'2024-01-17');
SELECT * FROM ORDERS;
INSERT INTO Delivery VALUES (1,1,1);
INSERT INTO Delivery VALUES (2,2,7);
INSERT INTO Delivery VALUES (3,3,8);
SELECT * FROM DELIVERY;
SELECT State,COUNT(*)
FROM Customers
GROUP BY State;
SELECT Category,AVG(Price)
FROM Items
WHERE Price >
(
SELECT AVG(Price) FROM Items
)
GROUP BY Category;
SELECT CustName
FROM Customers,Orders
WHERE Customers.CustID=Orders.CustID
GROUP BY CustName
HAVING COUNT(OrderID)>5;
